{
  "version": 20,
  "method": "multi_camera_flash_aware_linear_plus_stretch",
  "cameras": {
    "DC120": {
      "flash_params": {
        "linear": {
          "R": {
            "gain": 0.9789038679864337,
            "offset": 34.092016445173854
          },
          "G": {
            "gain": 0.9596646038831715,
            "offset": 35.7776057486151
          },
          "B": {
            "gain": 0.9855388158711788,
            "offset": 34.561798265576684
          }
        },
        "stretch": {
          "gains": [
            1.2437974640528886,
            1.251535705020894,
            1.2581730093237413
          ],
          "offsets": [
            -49.252328184567745,
            -46.12813736573268,
            -45.034694653653176
          ],
          "target_ref_p99.5_median": [
            253.0,
            249.5,
            245.0
          ]
        },
        "calibration_pairs": [
          "P002002",
          "P002008",
          "P002016",
          "P002017",
          "P002019",
          "P002020",
          "P002021",
          "P002022"
        ]
      },
      "nonflash_params": {
        "linear": {
          "R": {
            "gain": 1.1425781010131022,
            "offset": 28.787418197967284
          },
          "G": {
            "gain": 0.9753320337962894,
            "offset": 31.21605036447987
          },
          "B": {
            "gain": 1.0231069352869995,
            "offset": 24.328206564431525
          }
        },
        "stretch": {
          "gains": [
            1.1245436547096024,
            1.521129734253063,
            1.3072924773252639
          ],
          "offsets": [
            -32.37270846999584,
            -47.483662395351494,
            -31.804081428496435
          ],
          "target_ref_p99.5_median": [
            212.0,
            181.0,
            160.5
          ]
        },
        "calibration_pairs": [
          "P002007",
          "P002011",
          "P002014",
          "P002018"
        ]
      }
    },
    "DC50": {
      "flash_params": {
        "linear": {
          "R": {
            "gain": 1.1432036162298287,
            "offset": -1.571500122969539
          },
          "G": {
            "gain": 1.1851490965632845,
            "offset": -7.631825686041623
          },
          "B": {
            "gain": 1.2152156693114877,
            "offset": -13.709212562054816
          }
        },
        "stretch": {
          "gains": [
            1.1683348716239048,
            1.0503028904932834,
            1.0049634159568135
          ],
          "offsets": [
            -52.92539226409573,
            -29.32723707578723,
            -24.081408908380393
          ],
          "target_ref_p99.5_median": [
            245.0,
            238.5,
            231.5
          ]
        },
        "calibration_pairs": [
          "DC0001M",
          "DC0009L"
        ]
      },
      "nonflash_params": {
        "linear": {
          "R": {
            "gain": 0.9559105428381671,
            "offset": 3.8244990473974383
          },
          "G": {
            "gain": 0.9162183234716883,
            "offset": 4.83847545964413
          },
          "B": {
            "gain": 0.9240543013766136,
            "offset": 2.3172858420421534
          }
        },
        "stretch": {
          "gains": [
            1.1674354507151996,
            1.1504398319170102,
            1.0521706054224251
          ],
          "offsets": [
            -42.0356389016884,
            -39.99880732696,
            -20.91117274808823
          ],
          "target_ref_p99.5_median": [
            247.0,
            234.0,
            222.0
          ]
        },
        "calibration_pairs": [
          "DC0002L",
          "DC0007L",
          "DC0008L"
        ]
      }
    }
  },
  "demosaic": "DC120: Menon2007 (AMAZE-quality) | DC50: AHD (rawpy default)",
  "flash_tag": {
    "tiff_tag": "0x9209",
    "description": "EXIF Flash tag. Bit 0 = flash fired."
  },
  "description": "Multi-camera: DC120 (Menon2007) + DC50 (AHD). Flash-aware per camera."
}